Order-Id,Item-id,Product-Id,Quantity,Sales-Id,Customer-Id,Sales-Price-Per-Prod,Market-Segment
0,0,1,10,2,13,208,education
1,1,10,11,4,13,98,education
2,2,12,5,2,9,96,software
3,3,10,17,1,29,120,education
4,4,15,8,2,1,220,pharmaceutical
5,5,9,26,3,16,98,software
6,6,0,13,7,18,120,education
7,7,12,5,5,19,101,education
8,8,16,6,6,28,149,retail
9,9,14,15,6,19,193,education
10,10,1,21,6,29,200,financial
11,11,11,11,5,28,96,retail
12,12,12,14,4,18,97,education
13,13,2,14,8,14,219,realestate
14,14,2,20,5,5,200,realestate
15,15,5,19,1,10,107,pharmaceutical
16,16,6,25,6,12,82,financial
17,17,11,15,5,14,131,software
18,18,3,20,8,23,194,education
19,19,10,14,7,4,96,software
20,20,10,26,5,1,155,education
21,21,11,29,0,22,97,education
22,22,12,22,4,14,105,education
23,23,7,26,8,25,137,realestate
24,24,18,18,2,26,58,financial
25,25,12,23,2,29,85,education
26,26,3,8,0,20,191,pharmaceutical
27,27,14,18,8,19,188,pharmaceutical
28,28,17,4,8,2,194,education
29,29,8,20,5,2,133,pharmaceutical
30,30,14,22,1,28,182,financial
31,31,11,8,1,16,133,financial
32,32,11,29,7,21,124,pharmaceutical
33,33,5,0,3,9,140,pharmaceutical
34,34,16,2,0,3,148,financial
35,35,15,19,0,10,214,education
36,36,5,6,5,17,112,pharmaceutical
37,37,9,18,3,28,83,software
38,38,17,10,2,19,193,software
39,39,1,4,7,3,187,pharmaceutical
40,40,17,9,9,12,201,retail
41,41,0,16,0,19,123,education
42,42,4,1,9,1,133,software
43,43,19,8,8,16,103,pharmaceutical
44,44,17,13,2,16,194,pharmaceutical
45,45,18,25,9,5,55,financial
46,46,13,12,0,4,114,software
47,47,3,20,8,3,185,financial
48,48,17,8,9,10,186,retail
49,49,7,22,5,26,136,software
50,50,13,24,2,23,143,retail
51,51,14,26,2,6,188,financial
52,52,19,16,2,13,91,pharmaceutical
53,53,18,26,4,8,65,pharmaceutical
54,54,4,13,8,22,163,financial
55,55,7,6,7,2,129,software
56,56,1,28,1,20,179,retail
57,57,14,23,3,17,194,software
58,58,1,17,7,13,222,realestate
59,59,16,14,7,0,150,financial
60,60,18,23,2,6,70,software
61,61,9,2,2,20,76,software
62,62,8,17,8,15,193,pharmaceutical
63,63,2,20,9,23,203,software
64,64,16,28,4,27,151,retail
65,65,4,7,4,8,139,retail
66,66,12,11,2,29,109,realestate
67,67,3,7,8,11,208,retail
68,68,14,14,7,5,181,financial
69,69,12,21,2,7,92,education
70,70,12,16,7,5,91,software
71,71,5,15,1,24,115,education
72,72,6,6,8,8,63,pharmaceutical
73,73,10,11,5,23,109,financial
74,74,6,14,5,19,40,education
75,75,3,24,0,29,173,retail
76,76,19,16,7,29,75,retail
77,77,5,21,5,4,124,education
78,78,15,5,7,11,197,realestate
79,79,3,0,6,14,195,pharmaceutical
80,80,6,22,1,16,72,education
81,81,1,0,1,14,173,realestate
82,82,10,24,7,6,91,financial
83,83,8,9,0,17,192,realestate
84,84,14,16,7,10,187,software
85,85,13,28,1,25,108,education
86,86,7,9,3,5,158,software
87,87,18,21,0,5,87,education
88,88,2,28,2,14,203,education
89,89,14,15,1,9,188,realestate
90,90,7,25,6,8,119,financial
91,91,0,27,1,0,122,retail
92,92,2,17,3,13,210,retail
93,93,11,2,7,29,109,software
94,94,6,28,6,13,55,realestate
95,95,10,3,3,3,151,realestate
96,96,10,11,1,19,109,pharmaceutical
97,97,5,15,6,5,127,realestate
98,98,2,20,7,7,208,financial
99,99,2,25,7,9,216,education
100,100,11,28,2,20,120,pharmaceutical
101,101,4,19,0,19,131,realestate
102,102,0,2,6,24,123,realestate
103,103,13,20,0,15,117,realestate
104,104,4,11,7,9,160,financial
105,105,4,19,9,0,178,financial
106,106,13,23,8,28,107,pharmaceutical
107,107,8,19,2,3,208,education
108,108,18,5,3,15,96,software
109,109,2,21,3,29,218,financial
110,110,19,0,0,13,110,education
111,111,15,25,3,24,203,software
112,112,4,6,1,3,190,pharmaceutical
113,113,19,9,5,12,80,software
114,114,1,14,1,3,204,retail
115,115,18,29,8,16,82,software
116,116,7,10,8,26,153,realestate
117,117,3,3,5,25,202,financial
118,118,13,13,7,2,118,realestate
119,119,13,23,0,11,91,education
120,120,5,24,9,2,131,realestate
121,121,15,20,2,19,179,education
122,122,5,2,1,25,119,retail
123,123,10,4,9,24,124,education
124,124,9,22,0,3,87,education
125,125,13,29,3,1,119,pharmaceutical
126,126,5,26,6,22,98,retail
127,127,2,1,9,26,218,pharmaceutical
128,128,7,20,2,4,150,education
129,129,5,23,5,5,111,education
130,130,16,14,6,9,158,retail
131,131,13,2,8,4,89,retail
132,132,1,21,7,1,199,retail
133,133,9,4,4,4,98,software
134,134,6,0,1,17,77,financial
135,135,16,11,3,2,155,retail
136,136,18,8,7,19,59,education
137,137,6,24,8,24,65,financial
138,138,18,4,6,2,52,realestate
139,139,17,22,1,15,183,software
140,140,2,19,9,20,204,software
141,141,2,0,5,18,219,education
142,142,6,21,5,13,83,software
143,143,17,14,7,26,205,retail
144,144,17,7,9,17,194,pharmaceutical
145,145,14,3,5,5,181,retail
146,146,16,3,4,29,153,software
147,147,2,24,1,19,214,realestate
148,148,10,18,8,11,120,retail
149,149,17,23,7,3,204,retail
150,150,15,14,7,26,216,software
151,151,16,23,7,9,152,education
152,152,12,17,1,11,82,software
153,153,3,17,7,20,189,education
154,154,14,18,6,13,197,realestate
155,155,2,20,5,4,213,financial
156,156,19,7,6,14,95,pharmaceutical
157,157,0,7,9,2,120,realestate
158,158,9,19,3,9,57,education
159,159,3,2,9,27,192,software
160,160,7,22,6,22,146,pharmaceutical
161,161,13,13,9,27,89,retail
162,162,12,14,3,4,100,retail
163,163,3,27,4,4,190,pharmaceutical
164,164,15,26,3,11,216,realestate
165,165,16,14,7,12,147,software
166,166,13,22,5,6,142,retail
167,167,9,22,0,0,83,software
168,168,13,14,9,28,95,education
169,169,1,9,3,25,224,realestate
170,170,6,22,2,15,46,financial
171,171,2,22,4,5,208,retail
172,172,8,24,6,5,115,software
173,173,4,0,7,24,166,education
174,174,3,22,6,18,197,realestate
175,175,18,17,6,12,87,financial
176,176,19,5,1,18,71,financial
177,177,7,26,0,14,157,software
178,178,1,26,5,4,225,education
179,179,11,21,4,2,115,retail
180,180,12,22,0,0,99,retail
181,181,14,28,4,29,179,financial
182,182,16,2,4,4,156,financial
183,183,7,6,1,1,138,software
184,184,5,4,0,3,111,realestate
185,185,17,14,3,14,189,retail
186,186,12,2,6,14,90,financial
187,187,1,3,4,22,166,retail
188,188,17,29,3,3,185,retail
189,189,19,11,9,10,81,realestate
190,190,0,28,8,18,122,pharmaceutical
191,191,17,25,9,23,189,financial
192,192,3,11,9,11,193,financial
193,193,19,26,0,21,95,financial
194,194,16,2,4,22,154,education
195,195,9,11,6,25,97,education
196,196,5,21,8,3,112,pharmaceutical
197,197,0,18,9,28,119,realestate
198,198,9,3,2,24,70,financial
199,199,7,20,6,4,143,education
200,200,1,29,1,10,211,software
201,201,19,1,5,7,87,software
202,202,19,6,0,19,76,realestate
203,203,11,0,6,11,107,software
204,204,15,17,1,24,187,pharmaceutical
205,205,17,18,0,11,189,realestate
206,206,18,22,1,27,70,pharmaceutical
207,207,14,24,9,21,181,software
208,208,2,27,9,22,210,realestate
209,209,8,16,1,1,170,realestate
210,210,13,23,9,6,97,pharmaceutical
211,211,6,6,8,1,68,education
212,212,7,5,1,7,125,financial
213,213,7,2,4,3,135,retail
214,214,17,25,3,19,199,pharmaceutical
215,215,14,10,1,10,192,pharmaceutical
216,216,8,20,8,9,168,education
217,217,9,4,2,25,96,pharmaceutical
218,218,18,9,1,1,70,pharmaceutical
219,219,2,4,3,22,199,education
220,220,6,18,6,1,69,realestate
221,221,11,28,3,27,95,financial
222,222,12,6,8,0,94,pharmaceutical
223,223,0,17,3,9,119,financial
224,224,11,11,7,6,105,retail
225,225,13,11,2,19,121,software
226,226,9,14,2,28,52,realestate
227,227,2,12,4,21,203,pharmaceutical
228,228,19,24,2,27,94,education
229,229,18,0,2,17,96,realestate
230,230,19,10,6,11,71,education
231,231,11,9,5,2,114,education
232,232,10,1,0,8,134,pharmaceutical
233,233,5,8,0,9,134,software
234,234,18,1,0,2,86,financial
235,235,13,24,6,25,89,pharmaceutical
236,236,6,3,7,12,69,software
237,237,9,10,3,5,81,retail
238,238,0,0,6,26,121,realestate
239,239,1,6,2,5,159,software
240,240,15,13,1,11,212,realestate
241,241,7,20,4,5,147,education
242,242,4,20,7,9,175,realestate
243,243,6,25,7,19,84,education
244,244,13,20,6,5,121,financial
245,245,3,20,5,12,186,financial
246,246,17,12,6,22,190,education
247,247,16,9,5,29,152,retail
248,248,18,19,3,14,85,software
249,249,15,22,1,21,182,software
250,250,3,9,3,4,212,realestate
251,251,5,26,7,4,94,pharmaceutical
252,252,1,22,0,10,166,financial
253,253,11,15,5,29,138,software
254,254,9,2,3,15,84,pharmaceutical
255,255,19,22,4,25,88,software
256,256,19,11,9,6,113,software
257,257,1,21,1,5,169,education
258,258,7,27,0,14,156,education
259,259,18,27,6,1,86,software
260,260,1,25,7,27,193,realestate
261,261,6,6,8,5,66,education
262,262,18,24,3,24,62,financial
263,263,1,7,3,3,168,pharmaceutical
264,264,19,11,2,2,80,realestate
265,265,12,11,9,24,88,education
266,266,3,22,4,15,211,realestate
267,267,19,23,5,21,110,financial
268,268,7,14,9,10,134,pharmaceutical
269,269,7,22,4,3,122,realestate
270,270,8,4,7,27,183,financial
271,271,10,15,0,24,101,realestate
272,272,10,26,3,24,137,pharmaceutical
273,273,6,4,8,21,66,retail
274,274,2,2,3,24,216,pharmaceutical
275,275,15,1,8,26,187,realestate
276,276,5,19,8,27,119,realestate
277,277,15,16,2,6,201,software
278,278,12,28,9,28,98,financial
279,279,2,13,2,17,218,financial
280,280,19,29,7,26,107,pharmaceutical
281,281,3,16,6,10,208,retail
282,282,17,14,3,6,199,software
283,283,19,13,1,23,110,realestate
284,284,12,4,0,23,81,realestate
285,285,4,23,0,27,185,retail
286,286,10,11,1,7,101,realestate
287,287,7,20,8,2,135,retail
288,288,6,0,9,15,39,retail
289,289,1,29,3,6,196,realestate
290,290,2,27,0,14,203,retail
291,291,9,1,9,3,43,retail
292,292,16,25,8,23,153,financial
293,293,15,24,6,22,191,financial
294,294,11,21,4,4,104,education
295,295,0,23,4,14,119,education
296,296,9,19,6,8,65,software
297,297,10,11,7,17,156,education
298,298,10,24,7,28,106,software
299,299,13,22,2,2,139,financial
300,300,1,21,8,16,201,financial
301,301,12,19,1,23,89,pharmaceutical
302,302,11,21,6,13,127,software
303,303,14,9,1,20,191,education
304,304,7,16,0,1,137,education
305,305,19,13,8,14,109,pharmaceutical
306,306,19,14,8,20,105,education
307,307,17,0,1,15,191,retail
308,308,19,5,6,9,86,retail
309,309,2,4,1,17,200,software
310,310,19,13,5,26,107,realestate
311,311,8,2,0,3,182,retail
312,312,3,17,6,7,169,financial
313,313,13,4,3,16,114,software
314,314,10,17,1,5,133,realestate
315,315,19,20,4,29,113,realestate
316,316,19,3,1,17,116,retail
317,317,9,26,9,14,80,education
318,318,7,5,5,5,136,financial
319,319,4,13,6,20,147,software
320,320,17,11,0,9,187,software
321,321,11,1,8,28,131,retail
322,322,14,28,0,16,198,financial
323,323,3,4,7,5,188,financial
324,324,18,14,2,20,102,financial
325,325,6,6,0,16,78,financial
326,326,13,5,4,10,117,financial
327,327,18,3,8,4,64,financial
328,328,3,18,8,26,205,education
329,329,4,17,8,14,176,retail
330,330,10,26,7,22,88,retail
331,331,15,7,1,18,179,financial
332,332,5,0,6,19,103,financial
333,333,11,17,3,23,123,realestate
334,334,8,7,3,16,195,pharmaceutical
335,335,5,16,4,0,125,software
336,336,13,22,4,25,139,financial
337,337,0,14,2,12,123,financial
338,338,15,2,7,26,213,pharmaceutical
339,339,9,14,5,21,58,education
340,340,7,16,2,21,136,pharmaceutical
341,341,9,29,6,5,45,pharmaceutical
342,342,13,14,4,5,119,financial
343,343,2,24,3,29,215,education
344,344,5,22,1,9,128,retail
345,345,8,29,2,19,177,financial
346,346,19,20,1,19,92,financial
347,347,17,4,3,10,201,software
348,348,8,23,4,2,152,education
349,349,11,13,8,28,103,retail
350,350,13,10,1,19,93,financial
351,351,18,15,9,29,103,financial
352,352,11,23,0,5,114,education
353,353,1,12,2,19,155,realestate
354,354,19,3,8,22,71,software
355,355,17,17,4,25,205,financial
356,356,1,29,9,19,203,realestate
357,357,10,3,1,7,133,software
358,358,8,25,4,17,136,retail
359,359,13,3,5,0,146,software
360,360,6,18,5,20,41,education
361,361,15,28,1,6,196,financial
362,362,5,19,8,7,124,software
363,363,14,19,1,11,188,financial
364,364,9,29,2,17,97,financial
365,365,16,13,0,17,147,pharmaceutical
366,366,3,13,2,12,193,pharmaceutical
367,367,15,22,5,28,190,realestate
368,368,13,14,7,24,144,realestate
369,369,3,4,2,16,190,realestate
370,370,18,22,2,27,75,financial
371,371,18,9,8,13,53,education
372,372,9,1,7,2,99,financial
373,373,19,23,6,23,109,software
374,374,11,11,6,23,99,education
375,375,4,27,1,6,152,education
376,376,18,12,2,13,64,realestate
377,377,6,9,7,9,48,pharmaceutical
378,378,4,13,2,24,177,financial
379,379,13,27,3,24,116,education
380,380,12,11,8,29,86,realestate
381,381,5,18,7,15,133,education
382,382,15,8,3,3,207,financial
383,383,17,3,5,15,194,realestate
384,384,2,25,5,15,199,realestate
385,385,9,28,0,10,44,realestate
386,386,13,9,0,2,122,retail
387,387,14,11,0,1,181,pharmaceutical
388,388,12,8,1,7,83,realestate
389,389,7,25,4,18,125,realestate
390,390,1,22,0,6,162,realestate
391,391,2,0,5,29,208,software
392,392,6,12,2,2,85,software
393,393,1,1,8,26,232,education
394,394,10,4,7,15,91,financial
395,395,13,27,7,27,142,software
396,396,7,22,9,19,154,software
397,397,12,6,8,4,80,education
398,398,1,18,8,2,203,financial
399,399,15,26,8,26,202,pharmaceutical
400,400,2,9,9,22,213,software
401,401,19,4,5,11,116,software
402,402,12,25,5,23,86,education
403,403,4,12,3,8,132,pharmaceutical
404,404,6,2,2,25,41,education
405,405,13,12,8,27,139,financial
406,406,8,4,9,19,197,education
407,407,5,0,4,13,105,pharmaceutical
408,408,18,21,5,25,88,education
409,409,10,7,6,10,139,realestate
410,410,5,7,0,7,122,financial
411,411,8,16,3,23,173,realestate
412,412,8,6,5,20,143,financial
413,413,0,27,9,2,120,software
414,414,18,6,5,14,93,retail
415,415,4,23,0,3,137,pharmaceutical
416,416,7,26,3,2,121,pharmaceutical
417,417,9,5,8,26,65,pharmaceutical
418,418,7,20,4,7,131,software
419,419,19,27,7,20,85,education
420,420,11,24,2,6,129,pharmaceutical
421,421,11,23,0,20,130,education
422,422,4,20,3,10,153,pharmaceutical
423,423,8,2,8,26,120,education
424,424,10,6,2,7,96,education
425,425,8,4,3,9,147,software
426,426,8,14,8,3,122,retail
427,427,16,29,6,24,162,financial
428,428,13,7,7,0,117,financial
429,429,11,25,3,24,93,financial
430,430,13,0,9,6,113,realestate
431,431,2,29,7,5,201,realestate
432,432,5,19,2,8,120,pharmaceutical
433,433,7,12,0,11,156,pharmaceutical
434,434,8,29,3,22,197,pharmaceutical
435,435,0,28,2,24,121,education
436,436,8,14,3,22,163,financial
437,437,11,14,8,5,101,pharmaceutical
438,438,12,19,5,19,100,software
439,439,18,23,2,21,102,realestate
440,440,12,24,2,29,109,realestate
441,441,9,24,6,18,66,realestate
442,442,10,9,9,28,100,retail
443,443,17,16,6,23,189,pharmaceutical
444,444,3,6,4,25,202,realestate
445,445,8,10,5,10,130,financial
446,446,13,26,6,11,123,financial
447,447,12,13,4,5,96,retail
448,448,9,24,3,23,98,education
449,449,12,11,3,22,83,education
450,450,11,22,2,19,140,realestate
451,451,14,27,8,18,186,education
452,452,2,5,7,20,203,realestate
453,453,3,14,2,21,180,pharmaceutical
454,454,11,27,2,12,137,software
455,455,17,11,2,23,201,education
456,456,15,19,6,9,201,realestate
457,457,15,20,0,21,205,education
458,458,0,29,1,25,123,software
459,459,12,24,2,7,109,education
460,460,13,21,9,18,143,financial
461,461,4,7,1,11,143,education
462,462,8,3,1,5,156,software
463,463,0,19,6,12,122,software
464,464,2,11,1,1,216,realestate
465,465,1,23,5,27,175,education
466,466,4,18,7,2,176,realestate
467,467,1,18,0,14,230,financial
468,468,13,15,3,18,132,realestate
469,469,4,27,4,14,163,education
470,470,12,0,0,25,104,software
471,471,3,19,5,7,213,education
472,472,1,12,9,21,195,pharmaceutical
473,473,5,2,6,21,130,education
474,474,15,9,4,24,217,pharmaceutical
475,475,16,5,3,16,160,pharmaceutical
476,476,17,20,4,12,201,pharmaceutical
477,477,8,29,7,13,148,software
478,478,12,27,7,6,96,software
479,479,13,28,4,22,116,software
480,480,6,22,1,4,45,financial
481,481,1,4,4,25,217,realestate
482,482,3,10,7,15,217,pharmaceutical
483,483,13,6,1,18,87,financial
484,484,2,25,3,8,202,software
485,485,14,29,7,9,180,education
486,486,0,24,5,27,120,software
487,487,15,20,1,19,195,realestate
488,488,1,24,8,14,170,financial
489,489,1,7,7,28,226,pharmaceutical
490,490,15,5,1,8,208,financial
491,491,4,1,8,0,136,financial
492,492,2,12,7,19,208,realestate
493,493,0,18,7,22,120,pharmaceutical
494,494,5,24,9,24,110,education
495,495,5,12,5,13,135,software
496,496,1,10,6,11,172,education
497,497,16,6,3,28,160,education
498,498,2,21,4,2,207,realestate
499,499,7,2,5,26,134,pharmaceutical
500,500,16,29,8,10,155,education
501,501,8,25,9,16,125,software
502,502,16,11,8,24,160,education
503,503,4,24,5,24,179,realestate
504,504,8,2,1,25,165,software
505,505,3,14,5,19,177,education
506,506,12,29,7,15,81,pharmaceutical
507,507,6,0,7,19,52,education
508,508,2,20,6,7,210,realestate
509,509,8,7,5,2,126,education
510,510,8,1,7,17,176,education
511,511,11,6,3,16,139,pharmaceutical
512,512,11,0,4,15,129,retail
513,513,14,17,1,3,187,pharmaceutical
514,514,13,16,1,3,108,realestate
515,515,3,16,0,27,204,software
516,516,9,22,2,19,87,financial
517,517,17,5,3,18,197,financial
518,518,19,20,1,28,103,software
519,519,19,27,9,7,72,software
520,520,3,26,5,5,179,education
521,521,4,1,8,20,154,retail
522,522,19,15,4,22,80,retail
523,523,16,10,6,22,159,realestate
524,524,17,23,9,8,201,realestate
525,525,14,15,8,21,193,retail
526,526,8,28,4,4,153,pharmaceutical
527,527,17,20,8,10,201,software
528,528,5,3,5,16,98,retail
529,529,15,16,3,8,218,education
530,530,11,3,3,13,123,software
531,531,18,23,0,0,95,realestate
532,532,1,20,0,26,159,education
533,533,16,4,7,9,156,financial
534,534,14,2,3,18,195,realestate
535,535,16,20,3,15,154,realestate
536,536,10,16,6,1,142,retail
537,537,7,12,1,9,165,education
538,538,13,2,8,12,114,realestate
539,539,2,14,1,14,217,education
540,540,6,26,9,12,82,education
541,541,13,18,5,10,100,software
542,542,12,21,4,17,107,retail
543,543,10,6,6,3,143,education
544,544,19,7,6,24,102,pharmaceutical
545,545,10,26,8,28,110,realestate
546,546,15,26,7,3,218,financial
547,547,9,20,6,28,72,financial
548,548,5,12,6,28,116,retail
549,549,7,10,0,4,149,financial
550,550,3,16,9,26,207,pharmaceutical
551,551,5,10,2,16,123,pharmaceutical
552,552,14,16,3,2,178,retail
553,553,2,0,0,23,205,realestate
554,554,1,9,8,6,206,realestate
555,555,17,0,5,10,184,education
556,556,12,23,4,10,93,pharmaceutical
557,557,15,22,1,4,204,realestate
558,558,10,25,5,3,136,realestate
559,559,7,11,3,7,123,education
560,560,19,19,2,23,104,education
561,561,4,20,5,24,187,financial
562,562,8,18,5,1,197,education
563,563,15,0,8,5,206,retail
564,564,13,6,5,9,92,education
565,565,16,23,7,22,161,education
566,566,12,15,9,3,78,financial
567,567,16,16,7,28,146,pharmaceutical
568,568,7,17,4,16,156,education
569,569,1,25,0,28,174,software
570,570,9,28,3,27,100,pharmaceutical
571,571,12,3,9,3,89,financial
572,572,6,11,5,2,62,financial
573,573,7,10,6,14,130,software
574,574,16,18,3,26,149,retail
575,575,17,0,8,6,204,education
576,576,11,11,1,10,105,education
577,577,1,0,6,1,215,financial
578,578,14,29,7,20,195,financial
579,579,14,17,4,18,181,financial
580,580,9,19,0,21,100,education
581,581,14,17,9,24,187,education
582,582,12,28,5,1,101,financial
583,583,0,2,7,7,119,retail
584,584,6,29,0,15,69,retail
585,585,13,11,8,0,141,software
586,586,9,19,2,14,86,education
587,587,5,2,2,21,127,retail
588,588,12,18,9,25,96,education
589,589,3,21,9,22,213,financial
590,590,19,16,0,19,77,realestate
591,591,8,8,0,1,196,realestate
592,592,18,25,7,6,92,realestate
593,593,6,20,9,21,71,pharmaceutical
594,594,7,28,3,13,131,retail
595,595,17,7,0,1,205,education
596,596,18,17,9,29,93,retail
597,597,15,8,4,19,219,education
598,598,6,2,6,14,62,realestate
599,599,0,13,0,4,123,pharmaceutical
600,600,7,9,7,20,154,retail
601,601,1,5,7,26,156,software
602,602,18,7,3,24,75,software
603,603,4,2,6,5,163,education
604,604,16,7,9,1,159,financial
605,605,17,13,3,8,201,education
606,606,9,24,5,14,55,realestate
607,607,1,12,3,7,180,pharmaceutical
608,608,7,25,0,15,137,software
609,609,19,4,6,21,108,realestate
610,610,14,18,7,2,178,pharmaceutical
611,611,14,1,2,17,183,financial
612,612,5,11,0,2,94,financial
613,613,18,6,5,28,90,financial
614,614,15,2,0,24,195,financial
615,615,10,17,6,4,154,retail
616,616,2,16,6,2,212,software
617,617,0,2,7,18,119,education
618,618,15,23,4,24,205,financial
619,619,14,9,4,0,190,education
620,620,14,28,6,28,198,realestate
621,621,8,26,8,27,133,realestate
622,622,1,13,0,3,179,pharmaceutical
623,623,4,10,7,3,170,software
624,624,19,4,5,19,87,software
625,625,5,11,8,22,103,retail
626,626,13,0,7,17,115,realestate
627,627,16,2,3,23,146,financial
628,628,14,17,3,20,198,education
629,629,9,9,7,20,91,software
630,630,3,10,0,26,216,software
631,631,8,22,0,24,197,pharmaceutical
632,632,1,14,3,27,163,software
633,633,11,22,8,10,138,financial
634,634,6,21,4,21,49,realestate
635,635,19,26,2,3,110,financial
636,636,2,9,4,2,216,pharmaceutical
637,637,8,13,6,14,135,retail
638,638,11,14,2,24,109,education
639,639,10,2,9,15,156,retail
640,640,11,17,3,9,124,realestate
641,641,7,12,5,1,162,retail
642,642,3,21,7,4,199,pharmaceutical
643,643,13,20,9,26,112,financial
644,644,1,26,1,6,228,retail
645,645,0,19,2,26,119,realestate
646,646,3,23,9,23,192,financial
647,647,9,15,4,12,48,software
648,648,7,24,1,27,166,retail
649,649,7,9,3,13,140,education
650,650,11,14,2,28,107,pharmaceutical
651,651,12,25,6,9,94,pharmaceutical
652,652,9,7,7,28,50,financial
653,653,17,14,8,9,193,pharmaceutical
654,654,2,11,0,0,212,education
655,655,3,26,0,7,165,realestate
656,656,6,1,0,7,77,education
657,657,9,6,5,25,81,pharmaceutical
658,658,2,4,1,15,203,software
659,659,16,10,8,14,147,pharmaceutical
660,660,7,0,7,28,151,software
661,661,12,0,5,4,80,pharmaceutical
662,662,11,21,5,12,141,pharmaceutical
663,663,19,16,2,14,83,retail
664,664,6,11,6,11,68,pharmaceutical
665,665,0,5,2,2,119,financial
666,666,10,24,8,24,102,pharmaceutical
667,667,8,4,2,19,197,education
668,668,19,21,3,16,112,realestate
669,669,3,17,1,2,172,pharmaceutical
670,670,5,4,1,10,112,pharmaceutical
671,671,3,16,4,26,167,realestate
672,672,14,2,2,16,180,pharmaceutical
673,673,7,19,1,14,119,education
674,674,13,22,7,19,109,software
675,675,12,12,7,9,91,realestate
676,676,1,16,6,24,156,software
677,677,15,1,0,17,181,education
678,678,12,18,2,15,95,realestate
679,679,2,23,3,18,209,software
680,680,13,28,8,10,111,pharmaceutical
681,681,13,26,2,4,97,pharmaceutical
682,682,5,1,4,0,126,software
683,683,13,27,7,5,112,realestate
684,684,17,2,6,23,204,financial
685,685,16,1,0,29,146,software
686,686,2,11,6,25,217,realestate
687,687,1,10,5,19,170,realestate
688,688,18,5,7,3,65,retail
689,689,18,12,0,4,69,software
690,690,9,10,2,1,98,software
691,691,2,19,2,2,203,education
692,692,7,0,0,27,125,software
693,693,5,19,7,3,118,financial
694,694,7,18,7,23,145,pharmaceutical
695,695,11,2,8,3,92,education
696,696,9,6,7,19,52,realestate
697,697,14,6,4,23,181,education
698,698,10,16,0,25,111,financial
699,699,11,20,2,4,140,realestate
700,700,7,29,9,15,126,realestate
701,701,18,23,3,11,89,education
702,702,11,24,7,5,127,education
703,703,18,17,7,1,85,retail
704,704,12,0,3,4,106,financial
705,705,10,25,2,22,134,pharmaceutical
706,706,0,0,3,25,122,education
707,707,10,13,4,2,114,financial
708,708,14,27,3,14,195,education
709,709,4,4,7,29,168,realestate
710,710,19,29,4,4,92,education
711,711,13,15,4,13,113,financial
712,712,7,22,1,4,157,financial
713,713,16,23,4,27,155,realestate
714,714,12,0,3,18,91,software
715,715,11,16,6,14,92,education
716,716,18,28,2,11,94,pharmaceutical
717,717,13,10,2,17,132,pharmaceutical
718,718,12,11,5,7,103,realestate
719,719,9,12,7,8,73,software
720,720,8,18,9,1,182,financial
721,721,0,16,8,15,121,pharmaceutical
722,722,4,7,0,17,173,software
723,723,5,9,7,11,114,pharmaceutical
724,724,5,3,5,17,124,retail
725,725,15,23,8,27,194,retail
726,726,6,10,4,12,55,education
727,727,10,9,3,8,119,education
728,728,3,19,2,20,172,retail
729,729,18,13,6,18,53,education
730,730,6,9,4,16,52,retail
731,731,12,20,9,8,109,education
732,732,6,11,4,26,81,software
733,733,15,21,2,17,198,realestate
734,734,5,7,6,23,128,financial
735,735,1,20,5,17,178,pharmaceutical
736,736,19,28,0,9,98,financial
737,737,0,10,9,16,119,software
738,738,19,19,1,12,118,education
739,739,7,27,7,20,165,retail
740,740,18,29,1,28,98,realestate
741,741,3,25,4,24,193,education
742,742,16,16,4,21,159,education
743,743,9,13,3,16,87,software
744,744,10,21,4,27,142,realestate
745,745,7,5,2,11,131,pharmaceutical
746,746,14,20,8,26,194,realestate
747,747,5,10,1,4,96,financial
748,748,0,2,4,25,121,pharmaceutical
749,749,9,12,2,1,59,retail
750,750,16,20,8,16,147,realestate
751,751,12,10,4,28,94,retail
752,752,8,29,5,5,122,realestate
753,753,15,18,5,17,204,software
754,754,2,14,6,26,218,financial
755,755,17,16,5,22,205,education
756,756,9,6,5,7,76,retail
757,757,15,2,5,19,205,education
758,758,9,17,9,10,91,financial
759,759,9,10,8,24,93,financial
760,760,12,9,9,24,97,pharmaceutical
761,761,17,20,1,0,183,realestate
762,762,10,27,0,1,92,software
763,763,8,26,6,4,139,financial
764,764,13,15,5,12,116,financial
765,765,3,21,6,4,215,realestate
766,766,12,10,7,14,92,software
767,767,13,27,6,24,130,software
768,768,9,7,5,11,67,retail
769,769,17,29,1,19,198,pharmaceutical
770,770,0,14,2,20,119,pharmaceutical
771,771,3,4,9,11,195,education
772,772,15,27,5,27,207,realestate
773,773,19,20,2,15,74,realestate
774,774,1,21,7,25,236,education
775,775,11,23,3,9,111,financial
776,776,9,13,9,23,62,financial
777,777,2,0,5,19,209,financial
778,778,13,15,6,26,109,pharmaceutical
779,779,4,12,5,28,147,financial
780,780,16,7,8,14,148,software
781,781,8,2,9,15,201,retail
782,782,7,8,6,28,140,realestate
783,783,10,17,9,16,151,software
784,784,18,4,2,25,53,software
785,785,3,29,5,26,210,realestate
786,786,10,7,4,2,115,realestate
787,787,7,18,5,19,132,retail
788,788,12,19,9,17,87,software
789,789,4,26,5,21,153,retail
790,790,15,1,4,5,199,education
791,791,8,14,1,14,141,realestate
792,792,15,1,8,0,185,retail
793,793,17,3,9,10,199,education
794,794,14,24,5,10,181,retail
795,795,14,19,8,0,198,retail
796,796,14,25,9,11,189,pharmaceutical
797,797,17,25,6,19,188,software
798,798,4,20,5,13,147,retail
799,799,18,2,7,5,93,pharmaceutical
800,800,3,6,0,27,165,software
801,801,17,23,4,5,186,pharmaceutical
802,802,6,17,9,26,80,pharmaceutical
803,803,15,4,1,0,178,realestate
804,804,4,9,0,22,147,software
805,805,8,25,1,10,184,software
806,806,13,22,7,5,111,realestate
807,807,4,20,5,13,194,retail
808,808,6,3,2,12,70,financial
809,809,17,17,0,20,194,realestate
810,810,19,5,1,28,75,pharmaceutical
811,811,14,19,0,6,189,realestate
812,812,16,9,0,12,162,financial
813,813,5,9,7,2,107,realestate
814,814,16,11,7,0,148,retail
815,815,19,16,6,19,92,financial
816,816,5,26,8,8,98,realestate
817,817,8,13,0,8,181,pharmaceutical
818,818,18,14,2,8,51,realestate
819,819,14,22,1,12,186,realestate
820,820,4,7,1,0,136,education
821,821,3,13,8,17,179,realestate
822,822,16,13,5,29,149,financial
823,823,10,21,4,7,130,pharmaceutical
824,824,1,6,7,18,221,realestate
825,825,12,29,2,24,102,pharmaceutical
826,826,10,8,3,12,148,pharmaceutical
827,827,18,1,8,13,75,pharmaceutical
828,828,15,24,5,15,219,realestate
829,829,15,26,9,16,192,software
830,830,16,11,8,20,152,financial
831,831,7,19,4,1,151,education
832,832,0,26,6,4,123,realestate
833,833,0,24,2,27,123,realestate
834,834,12,26,6,5,82,pharmaceutical
835,835,14,11,0,24,182,pharmaceutical
836,836,9,10,1,2,84,pharmaceutical
837,837,7,20,3,7,141,realestate
838,838,17,9,8,29,200,education
839,839,17,6,5,25,189,software
840,840,15,5,4,5,185,financial
841,841,0,1,8,23,123,education
842,842,18,17,5,15,53,financial
843,843,13,21,3,9,87,retail
844,844,6,16,7,9,67,realestate
845,845,4,15,4,0,150,pharmaceutical
846,846,8,21,9,21,149,software
847,847,18,26,6,29,84,pharmaceutical
848,848,13,9,8,7,108,education
849,849,14,12,6,16,199,software
850,850,12,28,5,9,96,retail
851,851,6,12,7,1,70,financial
852,852,15,20,6,15,196,software
853,853,11,10,3,20,111,financial
854,854,5,6,5,13,133,retail
855,855,0,13,7,0,123,pharmaceutical
856,856,2,21,3,4,205,pharmaceutical
857,857,16,16,9,10,146,software
858,858,14,11,6,26,179,education
859,859,13,22,7,6,146,education
860,860,3,0,4,23,178,realestate
861,861,5,6,7,17,127,pharmaceutical
862,862,12,15,5,23,80,realestate
863,863,5,20,9,19,124,financial
864,864,13,0,1,7,130,realestate
865,865,18,4,3,28,61,retail
866,866,15,28,9,8,194,realestate
867,867,0,23,7,4,122,education
868,868,10,20,9,5,155,financial
869,869,12,16,7,19,92,realestate
870,870,15,27,2,3,202,education
871,871,5,15,9,4,106,software
872,872,16,6,1,7,161,pharmaceutical
873,873,15,11,0,10,184,retail
874,874,15,28,0,26,200,retail
875,875,0,9,6,8,122,realestate
876,876,1,12,3,24,228,financial
877,877,7,23,4,13,132,retail
878,878,1,20,1,28,173,financial
879,879,4,13,7,1,144,pharmaceutical
880,880,16,24,2,18,148,retail
881,881,1,12,9,5,229,education
882,882,2,27,5,15,217,education
883,883,16,10,8,2,147,realestate
884,884,8,25,5,4,167,retail
885,885,2,17,4,12,207,realestate
886,886,1,2,7,11,169,pharmaceutical
887,887,6,12,3,9,80,software
888,888,17,21,0,15,192,retail
889,889,2,29,1,27,201,software
890,890,2,12,1,18,204,software
891,891,14,27,8,15,187,pharmaceutical
892,892,10,2,0,26,158,software
893,893,0,18,8,11,119,education
894,894,9,20,1,1,96,retail
895,895,5,14,0,4,92,education
896,896,6,29,7,5,48,education
897,897,12,3,7,18,89,pharmaceutical
898,898,15,24,7,18,213,realestate
899,899,10,9,5,1,116,software
900,900,16,16,1,11,159,financial
901,901,6,21,6,22,67,software
902,902,18,27,2,0,67,realestate
903,903,18,4,9,7,76,retail
904,904,2,26,3,8,200,software
905,905,2,14,9,11,213,pharmaceutical
906,906,14,2,7,19,185,realestate
907,907,8,8,8,25,201,retail
908,908,9,20,6,12,97,pharmaceutical
909,909,19,3,9,2,94,retail
910,910,6,18,4,7,49,software
911,911,1,19,7,0,212,retail
912,912,16,9,0,24,146,pharmaceutical
913,913,5,17,3,14,136,retail
914,914,6,16,6,3,63,retail
915,915,2,27,2,19,202,pharmaceutical
916,916,3,24,5,22,197,retail
917,917,0,7,7,27,122,realestate
918,918,8,18,7,13,189,pharmaceutical
919,919,0,28,5,1,122,realestate
920,920,7,19,8,6,159,retail
921,921,3,7,7,26,177,retail
922,922,1,7,4,29,174,pharmaceutical
923,923,9,11,0,10,63,education
924,924,4,16,4,20,131,financial
925,925,11,15,3,2,121,financial
926,926,10,8,1,29,93,pharmaceutical
927,927,0,29,1,18,121,software
928,928,18,11,5,7,95,realestate
929,929,4,9,2,8,144,realestate
930,930,17,22,7,1,187,realestate
931,931,19,6,1,5,111,education
932,932,5,6,1,29,123,education
933,933,2,14,1,24,207,realestate
934,934,7,2,2,23,134,retail
935,935,10,25,5,9,159,retail
936,936,9,8,0,5,98,realestate
937,937,1,20,8,21,230,software
938,938,11,3,9,17,99,realestate
939,939,4,22,5,26,143,financial
940,940,6,25,9,14,56,retail
941,941,2,7,7,3,206,software
942,942,13,8,7,5,93,financial
943,943,9,6,8,11,69,education
944,944,9,14,9,9,98,financial
945,945,10,14,4,15,153,retail
946,946,9,21,8,15,71,financial
947,947,2,24,6,21,204,retail
948,948,0,28,7,2,120,education
949,949,14,25,5,7,191,pharmaceutical
950,950,7,7,6,9,136,education
951,951,6,23,0,15,61,software
952,952,12,19,1,7,102,realestate
953,953,6,25,4,28,80,realestate
954,954,16,24,7,28,162,education
955,955,15,3,8,6,192,education
956,956,1,2,9,24,220,software
957,957,15,14,9,20,211,realestate
958,958,19,15,9,0,118,education
959,959,17,18,1,14,190,realestate
960,960,6,11,2,7,79,education
961,961,19,0,3,7,86,pharmaceutical
962,962,3,20,1,27,210,pharmaceutical
963,963,3,28,4,23,179,software
964,964,11,9,0,12,102,retail
965,965,19,6,1,13,111,pharmaceutical
966,966,9,25,4,29,100,financial
967,967,15,26,8,29,209,financial
968,968,1,18,2,22,187,software
969,969,4,20,1,13,160,education
970,970,10,10,1,4,137,realestate
971,971,16,8,2,8,152,software
972,972,5,5,4,4,94,pharmaceutical
973,973,4,24,9,23,183,software
974,974,10,7,3,6,113,realestate
975,975,7,6,3,15,134,retail
976,976,9,28,3,15,99,pharmaceutical
977,977,16,15,8,13,147,pharmaceutical
978,978,3,2,1,11,190,retail
979,979,0,23,7,12,121,pharmaceutical
980,980,19,18,9,8,104,retail
981,981,19,9,1,12,100,education
982,982,10,9,3,24,100,retail
983,983,3,25,5,6,204,financial
984,984,4,2,5,26,133,education
985,985,2,6,7,24,218,financial
986,986,0,12,6,21,119,retail
987,987,10,4,3,7,113,financial
988,988,2,27,8,20,201,retail
989,989,12,10,2,8,82,education
990,990,9,4,1,19,98,software
991,991,19,17,0,2,108,software
992,992,2,3,0,14,202,education
993,993,13,19,8,25,119,education
994,994,14,11,0,18,184,software
995,995,18,2,1,7,74,retail
996,996,1,22,9,4,181,education
997,997,18,0,9,26,71,education
998,998,13,21,5,1,86,retail
999,999,13,6,7,19,106,retail
1000,1000,1,5,9,1,159,software
1001,1001,7,17,7,18,149,education
1002,1002,11,25,3,24,139,financial
1003,1003,16,5,1,23,157,realestate
1004,1004,0,5,6,4,119,retail
1005,1005,16,6,1,22,149,retail
1006,1006,1,13,6,4,194,financial
1007,1007,13,16,7,11,93,retail
1008,1008,6,5,7,15,82,financial
1009,1009,0,15,0,3,121,realestate
1010,1010,8,0,8,27,189,retail
1011,1011,6,27,2,10,75,retail
1012,1012,17,6,2,10,191,financial
1013,1013,17,29,5,5,184,retail
1014,1014,15,20,7,6,197,education
1015,1015,0,3,8,25,119,pharmaceutical
1016,1016,18,12,9,26,77,financial
1017,1017,13,29,1,0,146,financial
1018,1018,19,3,8,7,77,education
1019,1019,16,28,6,4,150,financial
1020,1020,13,29,4,6,106,software
1021,1021,5,13,6,22,129,education
1022,1022,15,11,1,6,200,retail
1023,1023,17,4,8,18,194,retail
1024,1024,1,26,6,14,179,financial
1025,1025,14,28,2,15,184,financial
1026,1026,9,17,5,3,96,retail
1027,1027,13,16,5,7,130,pharmaceutical
1028,1028,19,11,4,11,98,financial
1029,1029,10,28,1,10,153,retail
1030,1030,10,25,0,11,101,pharmaceutical
1031,1031,10,11,8,24,134,retail
1032,1032,10,6,0,11,123,education
1033,1033,2,14,5,21,209,realestate
1034,1034,17,10,5,4,200,education
1035,1035,5,7,3,29,120,software
1036,1036,17,5,9,21,196,software
1037,1037,15,18,5,8,215,software
1038,1038,7,6,9,4,156,financial
1039,1039,13,11,1,2,109,software
1040,1040,0,15,0,7,123,pharmaceutical
1041,1041,4,19,8,29,171,realestate
1042,1042,7,8,0,11,137,retail
1043,1043,18,11,6,5,65,realestate
1044,1044,16,14,6,17,146,realestate
1045,1045,9,26,3,25,44,retail
1046,1046,1,15,9,1,199,realestate
1047,1047,1,27,2,16,181,realestate
1048,1048,14,14,7,15,178,software
1049,1049,17,18,5,23,201,retail
1050,1050,18,1,3,24,81,pharmaceutical
1051,1051,9,8,1,15,104,pharmaceutical
1052,1052,8,29,2,14,182,software
1053,1053,10,22,0,16,103,pharmaceutical
1054,1054,2,29,8,4,215,financial
1055,1055,12,24,9,9,86,pharmaceutical
1056,1056,8,27,4,15,139,pharmaceutical
1057,1057,19,8,4,2,73,financial
1058,1058,2,9,9,8,205,software
1059,1059,19,11,6,25,93,pharmaceutical
1060,1060,9,14,6,9,71,financial
1061,1061,16,3,8,2,158,realestate
1062,1062,4,3,8,9,180,pharmaceutical
1063,1063,12,27,9,5,90,financial
1064,1064,7,16,5,18,144,financial
1065,1065,9,4,1,4,62,realestate
1066,1066,2,0,7,0,214,software
1067,1067,10,13,7,0,92,realestate
1068,1068,3,29,8,24,167,software
1069,1069,9,25,3,17,47,realestate
1070,1070,12,20,1,22,109,financial
1071,1071,12,27,4,20,104,education
1072,1072,4,27,9,28,181,financial
1073,1073,17,23,1,8,196,realestate
1074,1074,6,0,7,16,75,financial
1075,1075,19,5,0,9,89,retail
1076,1076,18,6,7,20,85,retail
1077,1077,5,6,6,2,129,retail
1078,1078,13,11,7,16,101,financial
1079,1079,10,19,2,26,156,realestate
1080,1080,14,8,9,3,195,software
1081,1081,12,4,3,27,93,realestate
1082,1082,13,8,1,6,144,education
1083,1083,11,17,1,22,114,retail
1084,1084,14,0,2,8,186,education
1085,1085,8,1,2,24,145,education
1086,1086,17,15,4,21,199,software
1087,1087,4,22,6,10,181,pharmaceutical
1088,1088,14,26,4,24,188,realestate
1089,1089,18,1,2,12,93,realestate
1090,1090,0,11,6,8,122,realestate
1091,1091,17,18,1,24,188,education
1092,1092,12,11,9,26,97,software
1093,1093,15,5,8,22,201,retail
1094,1094,8,6,0,4,197,retail
1095,1095,4,29,4,0,154,realestate
1096,1096,1,4,0,3,213,pharmaceutical
1097,1097,4,10,9,20,176,financial
1098,1098,5,8,5,7,133,pharmaceutical
1099,1099,7,4,0,18,150,pharmaceutical
1100,1100,2,29,4,4,219,retail
1101,1101,4,15,2,15,177,realestate
1102,1102,10,3,0,18,108,retail
1103,1103,5,10,8,6,100,retail
1104,1104,18,16,3,16,93,realestate
1105,1105,15,8,6,1,188,education
1106,1106,16,12,3,26,160,pharmaceutical
1107,1107,14,18,3,21,199,retail
1108,1108,10,4,5,21,96,realestate
1109,1109,13,25,0,10,103,retail
1110,1110,5,14,5,26,96,realestate
1111,1111,10,28,4,14,90,education
1112,1112,3,21,3,21,167,financial
1113,1113,5,0,6,21,128,software
1114,1114,4,26,7,3,163,pharmaceutical
1115,1115,8,13,0,13,122,retail
1116,1116,7,28,3,10,125,pharmaceutical
1117,1117,3,5,2,11,172,realestate
1118,1118,12,19,7,8,109,realestate
1119,1119,0,15,1,23,119,financial
1120,1120,5,4,1,11,96,pharmaceutical
1121,1121,4,7,9,12,160,software
1122,1122,14,9,8,25,186,education
1123,1123,9,6,0,16,83,software
1124,1124,2,18,3,10,208,realestate
1125,1125,12,6,5,14,84,education
1126,1126,17,27,4,28,193,pharmaceutical
1127,1127,18,5,2,0,86,pharmaceutical
1128,1128,16,7,1,17,153,retail
1129,1129,4,16,4,26,180,pharmaceutical
1130,1130,5,20,8,5,134,pharmaceutical
1131,1131,9,16,3,3,86,education
1132,1132,2,5,1,5,219,financial
1133,1133,11,20,1,17,123,education
1134,1134,8,3,9,21,200,software
1135,1135,2,22,9,15,218,retail
1136,1136,14,6,0,13,199,education
1137,1137,15,10,3,21,215,financial
1138,1138,12,7,6,12,90,realestate
1139,1139,1,11,4,9,236,financial
1140,1140,8,4,8,20,146,financial
1141,1141,8,27,8,23,162,education
1142,1142,9,25,4,14,102,realestate
1143,1143,7,2,1,23,141,education
1144,1144,8,27,5,2,154,realestate
1145,1145,15,8,8,28,198,financial
1146,1146,11,3,1,1,114,financial
1147,1147,7,18,9,21,122,financial
1148,1148,7,27,0,25,135,financial
1149,1149,2,24,7,29,219,realestate
1150,1150,4,14,2,14,145,realestate
1151,1151,17,14,6,13,204,retail
1152,1152,11,11,9,9,127,financial
1153,1153,10,16,2,15,120,realestate
1154,1154,14,10,9,8,190,retail
1155,1155,1,27,2,8,198,pharmaceutical
1156,1156,5,3,1,22,114,software
1157,1157,15,12,9,26,195,software
1158,1158,4,28,8,28,183,realestate
1159,1159,10,1,3,24,136,education
1160,1160,8,24,6,6,167,software
1161,1161,19,9,1,8,71,retail
1162,1162,3,18,8,28,204,retail
1163,1163,6,6,5,26,65,retail
1164,1164,19,7,4,19,112,software
1165,1165,16,23,0,26,157,software
1166,1166,11,21,1,6,95,financial
1167,1167,17,9,5,7,202,realestate
1168,1168,11,3,9,8,96,pharmaceutical
1169,1169,7,1,4,2,154,pharmaceutical
1170,1170,12,3,0,25,82,retail
1171,1171,10,27,0,19,138,financial
1172,1172,8,20,9,0,146,pharmaceutical
1173,1173,15,0,0,9,209,software
1174,1174,12,10,6,5,94,realestate
1175,1175,11,5,4,26,128,education
1176,1176,11,21,4,2,123,financial
1177,1177,12,24,0,16,87,financial
1178,1178,6,18,0,18,71,financial
1179,1179,13,11,2,11,104,financial
1180,1180,15,21,5,6,196,retail
1181,1181,18,7,7,18,66,education
1182,1182,1,12,2,26,208,software
1183,1183,0,12,7,17,122,software
1184,1184,8,17,6,13,124,financial
1185,1185,2,0,1,25,214,software
1186,1186,10,23,0,17,125,financial
1187,1187,12,22,9,3,97,realestate
1188,1188,8,2,8,13,179,pharmaceutical
1189,1189,2,21,5,13,205,realestate
1190,1190,0,3,5,24,120,pharmaceutical
1191,1191,7,15,3,15,150,education
1192,1192,8,15,6,24,207,software
1193,1193,14,0,5,7,197,realestate
1194,1194,11,3,1,24,102,pharmaceutical
1195,1195,5,9,7,9,112,software
1196,1196,10,10,1,25,142,financial
1197,1197,7,10,4,12,134,realestate
1198,1198,17,18,0,20,190,financial
1199,1199,19,12,3,19,75,retail
1200,1200,2,20,0,28,215,software
1201,1201,17,11,2,2,200,pharmaceutical
1202,1202,10,0,4,29,112,financial
1203,1203,1,17,8,7,164,education
1204,1204,15,26,4,10,190,pharmaceutical
1205,1205,1,10,2,5,232,software
1206,1206,14,1,1,28,181,realestate
1207,1207,10,14,9,7,132,pharmaceutical
1208,1208,5,9,6,19,95,pharmaceutical
1209,1209,15,15,9,19,211,financial
1210,1210,5,21,8,2,112,financial
1211,1211,12,12,2,3,80,financial
1212,1212,17,5,2,2,196,financial
1213,1213,14,7,6,25,199,software
1214,1214,9,7,0,2,51,education
1215,1215,2,24,4,18,212,retail
1216,1216,9,13,0,1,103,education
1217,1217,1,29,8,11,217,software
1218,1218,8,22,5,16,157,education
1219,1219,2,2,0,6,213,education
1220,1220,15,12,4,1,184,retail
1221,1221,8,9,2,8,130,realestate
1222,1222,17,20,5,11,194,education
1223,1223,15,22,1,2,193,pharmaceutical
1224,1224,5,7,9,19,133,financial
1225,1225,5,17,6,2,132,pharmaceutical
1226,1226,6,13,4,25,57,retail
1227,1227,11,16,7,8,132,realestate
1228,1228,18,9,8,18,65,financial
1229,1229,17,19,5,14,203,software
1230,1230,14,24,5,6,197,software
1231,1231,12,23,0,19,103,software
1232,1232,3,23,1,27,179,realestate
1233,1233,15,16,2,22,180,retail
1234,1234,7,21,8,16,153,financial
1235,1235,12,1,1,13,91,education
1236,1236,3,12,0,21,197,education
1237,1237,14,4,3,23,198,realestate
1238,1238,11,2,7,20,106,software
1239,1239,10,29,7,9,133,pharmaceutical
1240,1240,2,18,9,19,204,pharmaceutical
1241,1241,4,29,5,25,170,software
1242,1242,15,26,7,15,180,retail
1243,1243,2,25,8,23,211,retail
1244,1244,7,28,6,21,167,pharmaceutical
1245,1245,11,6,8,24,109,education
1246,1246,10,23,1,19,153,financial
1247,1247,10,27,3,29,99,financial
1248,1248,14,8,5,21,183,retail
1249,1249,4,4,2,20,143,pharmaceutical
1250,1250,2,17,6,9,217,software
1251,1251,8,3,5,14,194,software
1252,1252,14,16,1,22,183,realestate
1253,1253,15,29,2,14,216,software
1254,1254,16,15,4,27,146,software
1255,1255,12,13,9,12,110,realestate
1256,1256,10,8,3,18,149,software
1257,1257,17,18,0,27,195,software
1258,1258,10,8,9,7,137,realestate
1259,1259,6,16,9,13,80,pharmaceutical
1260,1260,14,25,5,26,198,financial
1261,1261,18,16,7,17,52,financial
1262,1262,16,3,7,22,149,education
1263,1263,12,20,0,27,91,realestate
1264,1264,9,28,0,11,64,retail
1265,1265,2,27,4,12,217,realestate
1266,1266,7,23,2,28,146,education
1267,1267,5,7,8,1,95,pharmaceutical
1268,1268,10,21,2,25,95,pharmaceutical
1269,1269,0,2,7,3,123,pharmaceutical
1270,1270,8,22,7,8,153,software
1271,1271,5,28,8,17,96,realestate
1272,1272,17,1,7,9,202,software
1273,1273,19,1,3,4,86,realestate
1274,1274,6,23,9,5,47,education
1275,1275,19,8,1,7,118,education
1276,1276,8,29,1,13,129,software
1277,1277,16,6,3,11,152,retail
1278,1278,16,28,5,6,149,software
1279,1279,19,0,5,19,114,realestate
1280,1280,3,11,3,1,198,financial
1281,1281,13,18,6,1,119,realestate
1282,1282,1,3,6,2,189,retail
1283,1283,17,6,0,21,195,realestate
1284,1284,13,26,9,14,107,software
1285,1285,7,25,6,9,131,education
1286,1286,12,10,8,5,90,education
1287,1287,6,5,0,8,72,software
1288,1288,16,23,6,19,153,realestate
1289,1289,4,6,0,7,157,financial
1290,1290,8,25,7,22,137,retail
1291,1291,4,9,0,4,148,education
1292,1292,16,5,2,17,147,realestate
1293,1293,5,27,9,24,132,pharmaceutical
1294,1294,2,8,0,8,217,pharmaceutical
1295,1295,18,26,8,11,51,pharmaceutical
1296,1296,17,20,8,9,205,financial
1297,1297,19,26,5,28,85,pharmaceutical
1298,1298,14,20,1,18,184,realestate
1299,1299,11,14,8,10,137,retail
1300,1300,7,6,2,16,145,retail
1301,1301,17,18,3,16,188,pharmaceutical
1302,1302,1,18,6,11,184,pharmaceutical
1303,1303,5,8,6,20,118,pharmaceutical
1304,1304,3,17,8,0,211,retail
1305,1305,8,24,3,26,162,education
1306,1306,4,13,2,10,189,realestate
1307,1307,9,29,3,19,101,realestate
1308,1308,12,7,2,7,108,financial
1309,1309,14,25,9,1,179,pharmaceutical
1310,1310,2,12,7,20,200,pharmaceutical
1311,1311,0,4,2,10,123,software
1312,1312,11,13,0,26,111,retail
1313,1313,2,15,4,20,216,realestate
1314,1314,17,28,9,3,190,realestate
1315,1315,17,0,8,24,190,financial
1316,1316,12,9,7,11,106,realestate
1317,1317,9,13,4,11,94,software
1318,1318,6,22,6,14,60,retail
1319,1319,19,0,8,16,111,retail
1320,1320,7,10,0,6,150,realestate
1321,1321,8,13,7,21,180,pharmaceutical
1322,1322,3,25,4,18,177,education
1323,1323,12,5,8,10,101,software
1324,1324,3,25,6,8,208,education
1325,1325,6,0,6,13,58,retail
1326,1326,5,10,3,3,140,software
1327,1327,11,11,4,25,110,software
1328,1328,10,7,3,13,104,realestate
1329,1329,13,10,2,28,129,pharmaceutical
1330,1330,12,24,1,11,108,pharmaceutical
1331,1331,6,5,7,22,76,pharmaceutical
1332,1332,2,27,3,23,212,education
1333,1333,1,20,5,4,156,pharmaceutical
1334,1334,17,21,1,11,204,realestate
1335,1335,12,11,1,7,98,financial
1336,1336,16,25,4,22,150,financial
1337,1337,3,0,4,9,187,financial
1338,1338,10,13,1,2,154,retail
1339,1339,2,24,2,4,204,retail
1340,1340,15,22,4,26,184,education
1341,1341,8,11,3,26,113,education
1342,1342,12,28,3,6,87,financial
1343,1343,6,28,3,19,60,realestate
1344,1344,19,21,7,14,81,realestate
1345,1345,9,21,0,21,44,realestate
1346,1346,6,2,1,14,47,realestate
1347,1347,13,13,4,19,144,software
1348,1348,4,28,6,17,132,software
1349,1349,17,26,2,16,197,realestate
1350,1350,13,25,9,19,132,retail
1351,1351,5,19,9,7,116,retail
1352,1352,10,20,5,27,107,pharmaceutical
1353,1353,15,18,5,21,194,financial
1354,1354,17,22,2,22,190,realestate
1355,1355,15,23,5,5,209,education
1356,1356,12,23,1,26,85,financial
1357,1357,2,24,4,0,211,realestate
1358,1358,11,6,3,27,115,pharmaceutical
1359,1359,11,5,0,26,93,financial
1360,1360,10,10,0,13,116,software
1361,1361,19,28,1,4,106,software
1362,1362,17,14,1,16,200,pharmaceutical
1363,1363,19,21,6,1,86,retail
1364,1364,15,27,0,29,204,retail
1365,1365,1,8,5,22,185,financial
1366,1366,12,4,4,23,83,retail
1367,1367,10,1,1,26,98,education
1368,1368,3,4,9,18,172,pharmaceutical
1369,1369,4,28,9,15,191,realestate
1370,1370,9,11,9,19,97,education
1371,1371,1,17,5,20,216,education
1372,1372,1,26,0,20,155,education
1373,1373,11,25,7,26,141,financial
1374,1374,19,7,6,23,78,realestate
1375,1375,17,13,9,11,193,pharmaceutical
1376,1376,11,10,0,18,140,software
1377,1377,12,5,5,0,97,financial
1378,1378,8,8,5,17,182,realestate
1379,1379,8,18,5,22,175,realestate
1380,1380,4,11,8,13,166,financial
1381,1381,10,21,5,2,99,pharmaceutical
1382,1382,2,14,6,20,213,financial
1383,1383,1,25,7,0,161,financial
1384,1384,18,17,2,26,76,financial
1385,1385,7,6,0,8,133,realestate
1386,1386,1,22,6,6,221,software
1387,1387,7,4,4,3,165,financial
1388,1388,13,25,4,25,92,education
1389,1389,13,3,3,5,137,education
1390,1390,16,4,9,12,157,education
1391,1391,14,23,5,28,197,financial
1392,1392,6,29,4,22,43,retail
1393,1393,11,7,0,12,113,pharmaceutical
1394,1394,5,4,7,8,100,software
1395,1395,1,5,9,29,167,retail
1396,1396,6,24,8,10,52,financial
1397,1397,16,21,3,26,160,software
1398,1398,15,27,2,11,207,pharmaceutical
1399,1399,1,23,8,26,180,pharmaceutical
1400,1400,5,21,0,0,109,realestate
1401,1401,19,19,5,24,98,pharmaceutical
1402,1402,7,20,8,28,140,realestate
1403,1403,15,18,3,5,207,financial
1404,1404,7,3,9,15,150,software
1405,1405,10,9,3,28,141,realestate
1406,1406,18,16,5,18,69,software
1407,1407,16,0,6,19,162,education
1408,1408,10,5,7,7,133,education
1409,1409,18,19,6,6,68,education
1410,1410,18,17,9,22,58,software
1411,1411,14,8,6,25,184,retail
1412,1412,12,21,7,13,97,retail
1413,1413,9,2,9,24,82,financial
1414,1414,4,24,1,1,134,financial
1415,1415,7,2,2,23,154,retail
1416,1416,19,10,9,1,84,realestate
1417,1417,6,19,3,7,67,realestate
1418,1418,2,16,8,5,213,education
1419,1419,19,7,9,22,74,pharmaceutical
1420,1420,16,29,2,28,151,education
1421,1421,14,19,0,7,194,realestate
1422,1422,7,26,7,11,127,education
1423,1423,7,24,7,18,130,financial
1424,1424,1,7,8,5,171,education
1425,1425,15,12,4,14,196,software
1426,1426,4,12,5,7,175,retail
1427,1427,0,27,3,0,122,retail
1428,1428,0,26,4,25,120,financial
1429,1429,19,11,5,10,103,education
1430,1430,1,29,0,16,190,realestate
1431,1431,15,15,4,28,212,software
1432,1432,1,5,5,10,191,financial
1433,1433,12,22,9,10,110,education
1434,1434,9,2,3,13,63,financial
1435,1435,2,27,4,11,199,pharmaceutical
1436,1436,0,14,9,10,120,retail
1437,1437,2,13,0,4,202,pharmaceutical
1438,1438,6,19,8,14,47,realestate
1439,1439,9,7,4,2,105,realestate
1440,1440,17,23,2,16,205,financial
1441,1441,6,6,8,3,56,realestate
1442,1442,18,27,3,27,66,financial
1443,1443,3,5,5,1,172,realestate
1444,1444,8,16,7,24,112,pharmaceutical
1445,1445,1,2,1,1,207,financial
1446,1446,3,15,7,2,217,financial
1447,1447,15,8,2,27,189,realestate
1448,1448,12,25,4,3,87,realestate
1449,1449,14,20,9,0,198,retail
1450,1450,2,28,8,19,200,education
1451,1451,11,11,1,16,111,software
1452,1452,7,8,4,26,130,education
1453,1453,2,8,1,12,202,retail
1454,1454,0,11,7,6,122,realestate
1455,1455,19,13,9,27,98,pharmaceutical
1456,1456,17,20,7,20,186,education
1457,1457,17,27,6,17,205,education
1458,1458,9,8,8,3,76,software
1459,1459,1,0,8,29,223,retail
1460,1460,8,18,7,17,145,software
1461,1461,17,28,0,15,192,education
1462,1462,14,28,6,16,188,education
1463,1463,13,9,5,29,89,retail
1464,1464,9,17,6,3,102,financial
1465,1465,3,12,5,23,176,software
1466,1466,15,3,9,5,191,retail
1467,1467,0,8,2,12,119,software
1468,1468,15,3,3,6,182,financial
1469,1469,3,3,8,2,210,realestate
1470,1470,14,2,4,8,183,education
1471,1471,10,26,9,22,135,financial
1472,1472,19,21,6,14,105,realestate
1473,1473,14,7,3,13,191,financial
1474,1474,6,6,6,8,44,financial
1475,1475,16,12,2,14,149,financial
1476,1476,8,26,7,29,150,realestate
1477,1477,15,5,7,14,215,financial
1478,1478,3,22,9,1,194,retail
1479,1479,0,3,5,4,123,retail
1480,1480,14,5,4,16,188,pharmaceutical
1481,1481,1,7,2,4,171,realestate
1482,1482,15,21,6,17,189,financial
1483,1483,8,26,5,7,122,realestate
1484,1484,8,18,1,23,172,financial
1485,1485,12,14,8,2,100,realestate
1486,1486,7,18,3,26,122,education
1487,1487,10,2,3,2,101,pharmaceutical
1488,1488,19,7,3,1,99,software
1489,1489,16,7,6,22,148,realestate
1490,1490,6,12,3,8,69,financial
1491,1491,15,7,9,14,185,education
1492,1492,1,28,0,7,216,pharmaceutical
1493,1493,7,14,1,29,164,financial
1494,1494,3,19,5,0,182,realestate
1495,1495,3,5,9,24,171,retail
1496,1496,2,13,8,3,209,education
1497,1497,8,6,1,27,170,retail
1498,1498,12,4,7,6,103,pharmaceutical
1499,1499,9,15,6,7,43,realestate
1500,1500,18,7,8,25,66,software
1501,1501,16,0,5,21,154,realestate
1502,1502,14,11,2,25,185,education
1503,1503,0,20,3,16,120,software
1504,1504,13,6,1,6,94,financial
1505,1505,9,18,1,23,53,pharmaceutical
1506,1506,16,27,8,25,151,software
1507,1507,8,16,8,20,154,financial
1508,1508,0,9,8,28,123,software
1509,1509,6,22,1,1,43,financial
1510,1510,14,21,7,25,178,software
1511,1511,0,29,5,13,119,financial
1512,1512,1,5,6,6,159,retail
1513,1513,9,12,5,0,74,education
1514,1514,3,17,6,27,191,pharmaceutical
1515,1515,17,24,6,22,194,retail
1516,1516,18,12,9,9,78,pharmaceutical
1517,1517,13,12,2,16,126,education
1518,1518,2,25,0,21,207,realestate
1519,1519,4,12,7,18,146,pharmaceutical
1520,1520,14,29,3,1,196,financial
1521,1521,15,11,7,26,206,education
1522,1522,9,7,7,5,95,retail
1523,1523,6,12,7,21,56,software
1524,1524,13,9,1,0,114,financial
1525,1525,9,23,3,8,75,financial
1526,1526,15,19,6,24,197,pharmaceutical
1527,1527,13,20,0,12,96,retail
1528,1528,7,14,7,11,153,education
1529,1529,7,15,7,8,150,software
1530,1530,14,8,3,7,195,realestate
1531,1531,3,20,5,2,182,realestate
1532,1532,4,24,6,2,158,software
1533,1533,5,28,1,17,112,realestate
1534,1534,3,11,9,14,202,pharmaceutical
1535,1535,14,3,0,1,187,education
1536,1536,11,10,5,0,120,pharmaceutical
1537,1537,6,0,9,4,73,education
1538,1538,2,16,3,29,216,pharmaceutical
1539,1539,15,20,2,21,183,realestate
1540,1540,5,13,2,24,120,education
1541,1541,3,5,2,18,204,pharmaceutical
1542,1542,17,24,0,1,205,pharmaceutical
1543,1543,9,25,0,22,97,realestate
1544,1544,16,18,4,0,150,software
1545,1545,4,3,3,26,167,financial
1546,1546,0,20,9,6,121,pharmaceutical
1547,1547,6,22,4,5,68,financial
1548,1548,13,18,7,15,134,realestate
1549,1549,8,14,6,10,156,pharmaceutical
1550,1550,18,21,2,3,80,software
1551,1551,1,15,9,15,170,financial
1552,1552,7,25,1,23,158,software
1553,1553,4,4,0,18,146,pharmaceutical
1554,1554,8,2,9,18,127,software
1555,1555,2,23,3,28,210,realestate
1556,1556,11,13,7,29,97,realestate
1557,1557,18,24,4,6,53,retail
1558,1558,3,2,7,25,197,software
1559,1559,18,20,6,0,60,financial
1560,1560,18,24,5,1,99,pharmaceutical
1561,1561,0,27,6,10,120,financial
1562,1562,0,9,3,20,121,software
1563,1563,8,15,2,13,185,retail
1564,1564,2,13,4,18,215,education
1565,1565,3,8,8,24,176,realestate
1566,1566,12,11,5,10,80,financial
1567,1567,10,3,6,22,158,retail
1568,1568,8,26,0,22,176,pharmaceutical
1569,1569,7,13,4,29,161,realestate
1570,1570,14,5,7,6,180,realestate
1571,1571,10,2,7,13,124,pharmaceutical
1572,1572,10,16,7,12,158,education
1573,1573,5,15,3,15,107,pharmaceutical
1574,1574,6,3,5,18,69,education
1575,1575,12,12,9,3,106,realestate
1576,1576,0,15,1,8,120,retail
1577,1577,8,26,4,25,159,realestate
1578,1578,19,29,2,1,78,realestate
1579,1579,19,14,7,22,94,software
1580,1580,10,5,6,4,104,software
1581,1581,18,28,8,20,51,retail
1582,1582,9,6,5,13,103,financial
1583,1583,4,6,7,12,191,pharmaceutical
1584,1584,18,14,1,25,72,software
1585,1585,18,15,9,12,58,realestate
1586,1586,1,18,0,4,226,software
1587,1587,16,7,6,17,150,education
1588,1588,0,14,7,17,123,education
1589,1589,19,25,3,21,95,education
1590,1590,18,27,7,29,91,pharmaceutical
1591,1591,11,3,4,18,140,pharmaceutical
1592,1592,8,14,8,11,208,software
1593,1593,11,17,4,5,125,financial
1594,1594,5,27,1,27,128,retail
1595,1595,7,22,9,20,167,retail
1596,1596,6,6,8,9,71,education
1597,1597,6,19,4,13,74,realestate
1598,1598,9,2,5,2,71,realestate
1599,1599,6,29,5,10,59,realestate
1600,1600,14,28,0,1,189,financial
1601,1601,3,1,7,17,209,realestate
1602,1602,14,21,1,7,178,financial
1603,1603,11,13,9,29,128,education
1604,1604,10,14,4,4,88,pharmaceutical
1605,1605,1,5,8,25,205,pharmaceutical
1606,1606,0,12,8,17,120,realestate
1607,1607,4,26,4,29,164,education
1608,1608,5,13,5,26,110,education
1609,1609,12,16,2,6,87,realestate
1610,1610,16,7,5,18,148,financial
1611,1611,1,10,8,9,212,pharmaceutical
1612,1612,7,7,4,4,158,education
1613,1613,18,14,8,21,95,financial
1614,1614,18,8,4,28,73,realestate
1615,1615,14,17,1,2,181,education
1616,1616,7,19,1,15,127,pharmaceutical
1617,1617,13,14,0,24,129,realestate
1618,1618,9,4,5,21,96,retail
1619,1619,11,6,1,18,102,realestate
1620,1620,2,16,8,1,201,education
1621,1621,15,14,7,28,213,realestate
1622,1622,9,28,7,29,49,realestate
1623,1623,4,20,8,19,145,pharmaceutical
1624,1624,12,0,0,20,78,realestate
1625,1625,8,20,6,26,135,pharmaceutical
1626,1626,3,13,8,16,198,software
1627,1627,16,28,1,15,157,education
1628,1628,18,25,7,9,66,education
1629,1629,9,0,6,12,67,financial
1630,1630,15,9,8,20,217,financial
1631,1631,15,24,9,23,205,realestate
1632,1632,18,17,4,6,87,software
1633,1633,14,20,6,24,184,realestate
1634,1634,3,27,3,18,214,education
1635,1635,12,24,5,0,79,software
1636,1636,11,19,7,2,127,realestate
1637,1637,6,23,1,25,66,pharmaceutical
1638,1638,12,23,2,25,89,retail
1639,1639,15,0,6,4,182,education
1640,1640,10,25,8,4,156,retail
1641,1641,11,5,0,9,112,software
1642,1642,15,24,2,25,180,pharmaceutical
1643,1643,7,10,8,2,134,education
1644,1644,10,28,4,14,96,retail
1645,1645,17,20,0,15,190,pharmaceutical
1646,1646,10,9,4,13,92,software
1647,1647,3,12,0,22,173,realestate
1648,1648,5,15,8,7,106,education
1649,1649,1,20,2,22,206,retail
1650,1650,4,10,4,10,178,pharmaceutical
1651,1651,7,28,9,8,165,software
1652,1652,3,29,9,21,191,retail
1653,1653,6,17,2,10,57,pharmaceutical
1654,1654,11,29,1,20,110,education
1655,1655,17,11,7,6,183,education
1656,1656,8,23,1,26,149,software
1657,1657,4,2,1,1,156,retail
1658,1658,8,17,2,28,110,retail
1659,1659,16,19,2,5,146,software
1660,1660,1,12,1,27,186,realestate
1661,1661,13,20,2,27,115,retail
1662,1662,6,25,2,23,55,software
1663,1663,17,5,0,22,191,realestate
1664,1664,19,29,3,3,74,pharmaceutical
1665,1665,12,20,5,25,81,realestate
1666,1666,9,25,5,0,98,financial
1667,1667,5,7,5,18,121,financial
1668,1668,13,11,9,15,125,realestate
1669,1669,9,11,5,0,67,realestate
1670,1670,1,5,0,26,192,realestate
1671,1671,19,29,1,19,77,pharmaceutical
1672,1672,16,16,7,6,152,realestate
1673,1673,15,10,7,15,207,financial
1674,1674,12,26,3,14,89,retail
1675,1675,5,7,3,0,106,pharmaceutical
1676,1676,10,14,6,1,156,pharmaceutical
1677,1677,7,2,7,2,165,pharmaceutical
1678,1678,4,3,2,8,180,financial
1679,1679,19,16,0,15,77,education
1680,1680,17,26,6,6,201,financial
1681,1681,14,8,2,2,198,financial
1682,1682,6,4,9,7,61,retail
1683,1683,16,11,3,1,153,retail
1684,1684,9,7,0,9,47,realestate
1685,1685,13,26,2,12,123,education
1686,1686,0,8,2,13,123,education
1687,1687,14,17,1,27,192,pharmaceutical
1688,1688,17,0,9,22,183,retail
1689,1689,13,22,5,12,121,pharmaceutical
1690,1690,14,11,3,24,194,realestate
1691,1691,2,17,1,22,217,education
1692,1692,6,25,2,16,76,retail
1693,1693,17,29,6,20,194,pharmaceutical
1694,1694,17,7,8,23,198,pharmaceutical
1695,1695,0,2,8,4,122,financial
1696,1696,19,13,9,18,106,realestate
1697,1697,13,18,2,17,101,retail
1698,1698,8,13,8,21,111,software
1699,1699,4,3,8,14,156,retail
1700,1700,10,28,3,4,134,software
1701,1701,14,24,0,22,195,financial
1702,1702,8,7,0,25,137,retail
1703,1703,13,20,2,24,122,financial
1704,1704,7,29,8,10,154,financial
1705,1705,15,0,5,11,203,realestate
1706,1706,18,10,0,29,64,software
1707,1707,16,2,5,13,162,pharmaceutical
1708,1708,11,23,9,25,122,realestate
1709,1709,10,9,0,1,92,pharmaceutical
1710,1710,16,18,5,29,154,software
1711,1711,6,1,6,10,78,pharmaceutical
1712,1712,6,12,9,8,54,pharmaceutical
1713,1713,7,13,0,3,121,financial
1714,1714,19,17,1,22,98,pharmaceutical
1715,1715,19,9,8,3,90,financial
1716,1716,10,21,0,23,154,pharmaceutical
1717,1717,8,16,7,4,111,retail
1718,1718,5,23,7,11,124,pharmaceutical
1719,1719,14,18,1,29,193,financial
1720,1720,10,8,1,5,103,realestate
1721,1721,8,0,2,20,122,pharmaceutical
1722,1722,3,10,8,16,203,retail
1723,1723,6,11,0,4,45,software
1724,1724,8,0,5,16,170,education
1725,1725,10,22,8,15,108,retail
1726,1726,0,26,5,25,121,pharmaceutical
1727,1727,19,22,0,26,72,education
1728,1728,15,28,9,9,207,software
1729,1729,17,20,2,16,188,software
1730,1730,15,10,6,5,213,retail
1731,1731,11,3,4,7,115,education
1732,1732,11,10,3,5,102,realestate
1733,1733,12,19,9,11,87,financial
1734,1734,0,0,7,16,119,realestate
1735,1735,8,7,9,1,140,education
1736,1736,6,12,2,3,56,retail
1737,1737,3,20,5,18,184,software
1738,1738,7,8,0,26,128,realestate
1739,1739,19,24,5,23,91,financial
1740,1740,13,11,7,28,114,financial
1741,1741,13,13,7,4,88,education
1742,1742,7,27,9,8,140,pharmaceutical
1743,1743,19,11,0,17,96,realestate
1744,1744,9,8,7,24,94,education
1745,1745,14,18,6,16,183,realestate
1746,1746,6,27,6,25,78,education
1747,1747,3,24,5,3,175,realestate
1748,1748,17,21,2,14,183,pharmaceutical
1749,1749,14,6,0,28,198,realestate
1750,1750,9,24,6,15,96,realestate
1751,1751,10,14,5,1,114,pharmaceutical
1752,1752,5,23,5,15,136,financial
1753,1753,17,13,7,14,185,realestate
1754,1754,16,13,1,26,162,pharmaceutical
1755,1755,9,20,6,13,48,software
1756,1756,12,13,2,22,91,education
1757,1757,15,19,5,17,204,retail
1758,1758,15,2,1,23,210,pharmaceutical
1759,1759,11,8,0,1,99,realestate
1760,1760,6,29,5,13,54,realestate
1761,1761,8,13,1,4,129,software
1762,1762,8,12,7,8,131,retail
1763,1763,1,29,4,5,207,financial
1764,1764,5,3,4,16,95,realestate
1765,1765,7,2,0,25,157,pharmaceutical
1766,1766,13,20,6,11,93,financial
1767,1767,18,12,5,29,84,software
1768,1768,18,4,8,5,64,software
1769,1769,7,3,6,3,134,pharmaceutical
1770,1770,18,9,9,13,83,financial
1771,1771,6,13,0,10,66,education
1772,1772,16,6,5,11,149,education
1773,1773,10,18,8,29,92,pharmaceutical
1774,1774,9,9,0,17,43,pharmaceutical
1775,1775,19,12,6,13,74,financial
1776,1776,14,8,0,17,197,education
1777,1777,10,7,9,23,146,retail
1778,1778,9,18,5,22,75,software
1779,1779,1,4,7,24,167,realestate
1780,1780,3,16,4,5,172,retail
1781,1781,12,28,5,16,107,pharmaceutical
1782,1782,16,4,4,26,158,financial
1783,1783,2,11,6,16,219,retail
1784,1784,11,23,3,16,106,financial
1785,1785,1,3,7,13,202,education
1786,1786,1,0,6,13,157,pharmaceutical
1787,1787,13,1,8,27,145,retail
1788,1788,11,18,8,16,129,software
1789,1789,1,14,8,15,186,pharmaceutical
1790,1790,15,6,5,20,195,realestate
1791,1791,0,22,7,11,121,education
1792,1792,1,7,6,9,232,realestate
1793,1793,2,14,3,6,209,education
1794,1794,2,14,0,20,201,financial
1795,1795,19,26,7,25,85,financial
1796,1796,19,13,7,2,73,software
1797,1797,0,4,3,15,123,financial
1798,1798,4,19,4,3,186,retail
1799,1799,9,5,5,12,81,retail
1800,1800,11,25,3,10,120,software
1801,1801,2,9,4,20,204,pharmaceutical
1802,1802,14,21,9,16,190,education
1803,1803,17,26,7,2,188,financial
1804,1804,5,6,4,23,105,software
1805,1805,17,10,8,19,194,software
1806,1806,12,17,9,29,96,education
1807,1807,14,13,5,15,185,retail
1808,1808,16,20,3,10,155,retail
1809,1809,3,17,0,3,215,pharmaceutical
1810,1810,11,9,6,13,128,pharmaceutical
1811,1811,15,11,6,28,208,retail
1812,1812,10,10,9,23,127,software
1813,1813,9,24,2,6,83,education
1814,1814,7,26,2,26,132,realestate
1815,1815,2,27,9,3,206,financial
1816,1816,11,5,3,20,117,realestate
1817,1817,2,18,0,21,209,realestate
1818,1818,6,17,0,16,85,financial
1819,1819,8,8,3,26,201,retail
1820,1820,18,9,1,4,85,software
1821,1821,7,7,1,1,128,pharmaceutical
1822,1822,4,5,6,9,142,software
1823,1823,2,23,5,13,218,pharmaceutical
1824,1824,0,25,2,19,122,retail
1825,1825,3,14,8,6,176,financial
1826,1826,0,22,1,21,123,education
1827,1827,8,5,2,0,118,pharmaceutical
1828,1828,17,19,1,6,195,software
1829,1829,15,23,5,11,187,pharmaceutical
1830,1830,0,7,1,22,121,retail
1831,1831,6,11,9,5,53,retail
1832,1832,16,6,8,26,153,software
1833,1833,14,15,5,13,197,realestate
1834,1834,0,6,5,15,120,financial
1835,1835,5,26,2,0,100,realestate
1836,1836,2,5,6,12,213,education
1837,1837,8,29,4,8,168,retail
1838,1838,2,3,9,0,204,retail
1839,1839,12,24,5,7,87,education
1840,1840,4,25,3,14,181,software
1841,1841,9,22,0,24,44,realestate
1842,1842,7,2,3,26,136,education
1843,1843,3,19,1,4,207,retail
1844,1844,4,27,1,0,138,retail
1845,1845,6,6,2,2,74,pharmaceutical
1846,1846,2,14,1,24,216,financial
1847,1847,13,11,0,23,112,software
1848,1848,2,4,9,8,216,financial
1849,1849,2,19,5,15,219,realestate
1850,1850,11,20,1,19,117,software
1851,1851,6,4,8,25,62,retail
1852,1852,15,20,5,22,191,financial
1853,1853,2,11,3,1,203,financial
1854,1854,17,5,9,7,194,education
1855,1855,9,8,3,26,85,financial
1856,1856,2,12,8,9,217,retail
1857,1857,11,24,5,24,116,software
1858,1858,12,10,0,21,85,pharmaceutical
1859,1859,16,0,6,12,146,realestate
1860,1860,7,29,5,24,137,education
1861,1861,15,24,1,23,195,education
1862,1862,1,11,5,26,210,financial
1863,1863,9,23,1,6,97,financial
1864,1864,6,13,1,2,61,retail
1865,1865,2,14,2,11,204,financial
1866,1866,1,21,7,9,172,education
1867,1867,13,7,2,8,102,software
1868,1868,9,15,0,27,82,pharmaceutical
1869,1869,12,10,8,12,102,realestate
1870,1870,3,15,7,16,176,realestate
1871,1871,4,27,9,15,184,financial
1872,1872,10,1,2,12,109,retail
1873,1873,5,6,3,29,117,financial
1874,1874,10,13,9,23,101,education
1875,1875,8,6,0,12,144,realestate
1876,1876,7,18,1,16,156,pharmaceutical
1877,1877,19,29,2,6,79,education
1878,1878,15,10,7,28,178,financial
1879,1879,16,21,7,1,154,realestate
1880,1880,16,21,0,7,153,software
1881,1881,11,0,2,0,111,education
1882,1882,7,12,9,9,138,realestate
1883,1883,1,14,8,0,186,education
1884,1884,0,21,7,4,121,financial
1885,1885,5,0,2,7,114,financial
1886,1886,10,0,0,5,130,realestate
1887,1887,8,24,9,7,175,pharmaceutical
1888,1888,8,7,7,22,155,software
1889,1889,2,28,8,10,205,software
1890,1890,12,17,6,18,106,realestate
1891,1891,19,28,4,3,95,software
1892,1892,13,0,8,17,138,education
1893,1893,12,13,7,26,100,software
1894,1894,12,18,6,8,104,financial
1895,1895,14,2,7,14,195,retail
1896,1896,0,5,9,17,119,financial
1897,1897,14,11,8,5,178,pharmaceutical
1898,1898,11,14,2,17,96,retail
1899,1899,13,4,7,6,139,realestate
1900,1900,17,2,7,8,202,retail
1901,1901,15,19,2,7,198,realestate
1902,1902,18,8,8,10,63,financial
1903,1903,7,11,8,18,134,education
1904,1904,9,17,3,4,93,retail
1905,1905,5,1,1,19,93,pharmaceutical
1906,1906,5,12,0,4,108,pharmaceutical
1907,1907,15,18,6,17,207,software
1908,1908,1,15,9,11,192,financial
1909,1909,19,23,9,5,87,retail
1910,1910,5,18,2,21,114,education
1911,1911,11,2,4,1,114,financial
1912,1912,16,5,2,7,146,software
1913,1913,15,26,8,8,210,pharmaceutical
1914,1914,8,18,1,29,159,realestate
1915,1915,19,6,8,25,86,retail
1916,1916,4,0,9,0,166,education
1917,1917,9,18,2,17,103,software
1918,1918,4,1,3,20,190,pharmaceutical
1919,1919,8,29,9,7,134,financial
1920,1920,6,27,4,14,64,realestate
1921,1921,16,9,7,0,149,retail
1922,1922,9,22,5,12,83,financial
1923,1923,6,26,1,7,82,retail
1924,1924,16,12,1,22,161,education
1925,1925,16,15,9,24,155,retail
1926,1926,5,19,9,9,120,financial
1927,1927,4,14,9,16,178,realestate
1928,1928,0,6,4,5,121,financial
1929,1929,14,23,9,26,193,education
1930,1930,15,26,6,29,186,education
1931,1931,14,4,4,24,185,retail
1932,1932,6,25,8,13,50,pharmaceutical
1933,1933,17,14,6,3,197,software
1934,1934,15,14,2,16,205,software
1935,1935,13,12,6,22,130,education
1936,1936,18,20,7,18,79,realestate
1937,1937,2,15,3,27,213,software
1938,1938,2,23,4,21,205,education
1939,1939,18,12,7,3,71,education
1940,1940,17,15,2,27,195,pharmaceutical
1941,1941,6,5,2,9,73,pharmaceutical
1942,1942,1,24,2,19,170,software
1943,1943,2,12,3,26,199,software
1944,1944,3,6,3,6,172,financial
1945,1945,12,9,8,10,110,education
1946,1946,4,26,3,27,160,retail
1947,1947,7,23,1,0,160,software
1948,1948,7,0,0,18,129,retail
1949,1949,1,5,2,10,206,education
1950,1950,6,1,8,15,73,education
1951,1951,5,9,9,17,138,software
1952,1952,11,5,0,17,132,financial
1953,1953,1,16,9,0,210,pharmaceutical
1954,1954,3,15,7,13,199,retail
1955,1955,11,24,4,6,91,pharmaceutical
1956,1956,18,14,4,3,87,education
1957,1957,8,21,6,27,200,retail
1958,1958,2,23,6,20,200,pharmaceutical
1959,1959,16,20,5,28,154,financial
1960,1960,4,17,6,5,193,education
1961,1961,6,4,8,19,50,pharmaceutical
1962,1962,1,8,7,16,192,financial
1963,1963,19,3,5,0,83,realestate
1964,1964,12,18,4,0,90,financial
1965,1965,1,23,7,10,206,retail
1966,1966,3,24,6,15,165,software
1967,1967,6,0,7,8,71,realestate
1968,1968,17,15,6,21,188,education
1969,1969,16,9,2,20,158,retail
1970,1970,2,22,3,12,205,financial
1971,1971,15,18,8,21,217,financial
1972,1972,7,11,7,2,157,retail
1973,1973,9,15,1,12,96,retail
1974,1974,17,24,4,17,191,software
1975,1975,1,27,4,3,205,financial
1976,1976,9,6,5,5,63,financial
1977,1977,16,19,8,3,156,retail
1978,1978,1,2,9,22,158,financial
1979,1979,2,18,8,7,205,financial
1980,1980,10,15,4,18,114,education
1981,1981,18,11,4,19,83,realestate
1982,1982,4,23,2,19,155,pharmaceutical
1983,1983,19,13,1,8,95,retail
1984,1984,16,20,1,15,147,retail
1985,1985,9,6,7,2,66,retail
1986,1986,14,18,8,19,179,realestate
1987,1987,17,13,8,5,202,software
1988,1988,5,20,8,9,105,financial
1989,1989,10,29,0,19,92,financial
1990,1990,6,0,1,10,68,pharmaceutical
1991,1991,18,5,7,11,93,education
1992,1992,4,26,1,9,139,education
1993,1993,14,25,0,26,189,realestate
1994,1994,13,22,7,24,87,education
1995,1995,12,4,5,13,82,financial
1996,1996,0,12,5,7,123,pharmaceutical
1997,1997,16,6,0,2,162,pharmaceutical
1998,1998,1,21,7,25,179,software
1999,1999,9,10,9,3,46,pharmaceutical
